"code","abund.correlation","species.trend","trend.at.highest.predictions","trend.at.best.nfj.data","filename"
"ACHLYC",0.4824,-0.0183359002021942,-0.0177869970569517,-0.0184833202081115,"G:/repos/status-of-butterflies-analysis/4_res/fits-parameterized/full-run-all-sources-V1/ACHLYC-full-run-all-sources-V1.html"
"ADEBRE",0.2114,-0.0109935379784125,-0.0102332115205683,-0.0114267583790989,"G:/repos/status-of-butterflies-analysis/4_res/fits-parameterized/full-run-all-sources-V1/ADEBRE-full-run-all-sources-V1.html"
"AGRAVAN",0.0099,0.0425657731499083,0.0433103528011563,0.0430030917154629,"G:/repos/status-of-butterflies-analysis/4_res/fits-parameterized/full-run-all-sources-V1/AGRAVAN-full-run-all-sources-V1.html"
"AGRGLA",0.5087,-0.0332918026490638,-0.0329074882269447,-0.036985877989418,"G:/repos/status-of-butterflies-analysis/4_res/fits-parameterized/full-run-all-sources-V1/AGRGLA-full-run-all-sources-V1.html"
"AMBHEG",0.2371,-0.0259465191630134,-0.0249698375652157,-0.0264984261879369,"G:/repos/status-of-butterflies-analysis/4_res/fits-parameterized/full-run-all-sources-V1/AMBHEG-full-run-all-sources-V1.html"
"AMBVIA",0.3517,-0.00469043445943582,-0.00313575550010559,-0.00727651364883605,"G:/repos/status-of-butterflies-analysis/4_res/fits-parameterized/full-run-all-sources-V1/AMBVIA-full-run-all-sources-V1.html"
"ANAAND",0.4413,0.00899647658112898,0.00949236021340936,0.00931064762330821,"G:/repos/status-of-butterflies-analysis/4_res/fits-parameterized/full-run-all-sources-V1/ANAAND-full-run-all-sources-V1.html"
"ANATLOG",0.3601,-0.0346052132345105,-0.0339221277520901,-0.0344229936843376,"G:/repos/status-of-butterflies-analysis/4_res/fits-parameterized/full-run-all-sources-V1/ANATLOG-full-run-all-sources-V1.html"
"ANCNUM",0.3399,0.000258190536155938,0.000379613575749386,-0.00723658393536785,"G:/repos/status-of-butterflies-analysis/4_res/fits-parameterized/full-run-all-sources-V1/ANCNUM-full-run-all-sources-V1.html"
"ANTHLAN",0.9426,0.00747785282383693,0.00747828422859224,0.000807144484597563,"G:/repos/status-of-butterflies-analysis/4_res/fits-parameterized/full-run-all-sources-V1/ANTHLAN-full-run-all-sources-V1.html"
"ANTHMID",0.3345,0.00852243521794073,0.00928126900763761,0.00885799478366264,"G:/repos/status-of-butterflies-analysis/4_res/fits-parameterized/full-run-all-sources-V1/ANTHMID-full-run-all-sources-V1.html"
"ANTHSAR",-0.0377,-0.0316708555810613,-0.0315635498679986,-0.0380910636724988,"G:/repos/status-of-butterflies-analysis/4_res/fits-parameterized/full-run-all-sources-V1/ANTHSAR-full-run-all-sources-V1.html"
"APOMOR",0.8449,0.00917760152635809,0.00972469796239855,0.00950760076654285,"G:/repos/status-of-butterflies-analysis/4_res/fits-parameterized/full-run-all-sources-V1/APOMOR-full-run-all-sources-V1.html"
"ASTCEL",0.3086,0.0195349200428458,0.0202947453483692,0.019342500711288,"G:/repos/status-of-butterflies-analysis/4_res/fits-parameterized/full-run-all-sources-V1/ASTCEL-full-run-all-sources-V1.html"
"ASTCLY",0.54,-0.00993846418190862,-0.00915665078888863,-0.00947792532676753,"G:/repos/status-of-butterflies-analysis/4_res/fits-parameterized/full-run-all-sources-V1/ASTCLY-full-run-all-sources-V1.html"
"ATACAM",0.2698,-0.00295402141114735,-0.00174152879884256,-0.0033227168868476,"G:/repos/status-of-butterflies-analysis/4_res/fits-parameterized/full-run-all-sources-V1/ATACAM-full-run-all-sources-V1.html"
"ATLHAL",0.4649,0.000623885080592848,0.00138726845110682,-0.000992387693183075,"G:/repos/status-of-butterflies-analysis/4_res/fits-parameterized/full-run-all-sources-V1/ATLHAL-full-run-all-sources-V1.html"
"ATRARO",0.1045,-0.0548071341616904,-0.0542896304507513,-0.0545880022843725,"G:/repos/status-of-butterflies-analysis/4_res/fits-parameterized/full-run-all-sources-V1/ATRARO-full-run-all-sources-V1.html"
"ATRYHIA",-0.0055,0.0456932050000061,0.0456939529009064,0.0359467771517937,"G:/repos/status-of-butterflies-analysis/4_res/fits-parameterized/full-run-all-sources-V1/ATRYHIA-full-run-all-sources-V1.html"
"AUTCEL",0.1373,0.0381615735338937,0.0384657177441784,0.0368590107704849,"G:/repos/status-of-butterflies-analysis/4_res/fits-parameterized/full-run-all-sources-V1/AUTCEL-full-run-all-sources-V1.html"
"BATPHI",0.4424,-0.0333443816698042,-0.0319311177129967,-0.0339374805289301,"G:/repos/status-of-butterflies-analysis/4_res/fits-parameterized/full-run-all-sources-V1/BATPHI-full-run-all-sources-V1.html"
"BOLOBEL",0.0268,-0.00629647881177436,-0.00579337425338656,-0.0107297041710167,"G:/repos/status-of-butterflies-analysis/4_res/fits-parameterized/full-run-all-sources-V1/BOLOBEL-full-run-all-sources-V1.html"
"BOLOCHA",NA,-0.0896980866086873,-0.089616804781068,-0.106855366220298,"G:/repos/status-of-butterflies-analysis/4_res/fits-parameterized/full-run-all-sources-V1/BOLOCHA-full-run-all-sources-V1.html"
"BOLOEPI",0.0405,0.0149622714649616,0.0155154353293489,0.0155154353293489,"G:/repos/status-of-butterflies-analysis/4_res/fits-parameterized/full-run-all-sources-V1/BOLOEPI-full-run-all-sources-V1.html"
"BOLOSEL",-0.0311,0.140480124224854,0.140480124224854,-0.0361660146864851,"G:/repos/status-of-butterflies-analysis/4_res/fits-parameterized/full-run-all-sources-V1/BOLOSEL-full-run-all-sources-V1.html"
"BREEXI",-0.0469,-0.037419056746883,-0.0366721180319868,-0.0375966822475368,"G:/repos/status-of-butterflies-analysis/4_res/fits-parameterized/full-run-all-sources-V1/BREEXI-full-run-all-sources-V1.html"
"BREISO",0.9965,0.0224157887056033,0.02249503013055,0.0209525147069772,"G:/repos/status-of-butterflies-analysis/4_res/fits-parameterized/full-run-all-sources-V1/BREISO-full-run-all-sources-V1.html"
"CALBOR",0.1678,0.00965024839917713,0.0101988187438579,0.00305732868087549,"G:/repos/status-of-butterflies-analysis/4_res/fits-parameterized/full-run-all-sources-V1/CALBOR-full-run-all-sources-V1.html"
"CALLAUG",0.1622,0.0292917165775997,0.0300781883146081,0.0295198469225238,"G:/repos/status-of-butterflies-analysis/4_res/fits-parameterized/full-run-all-sources-V1/CALLAUG-full-run-all-sources-V1.html"
"CALLERY",-0.0164,0.0167353821750476,0.0172941011440524,0.0131273329919331,"G:/repos/status-of-butterflies-analysis/4_res/fits-parameterized/full-run-all-sources-V1/CALLERY-full-run-all-sources-V1.html"
"CALLGRY",0.5484,0.0126896097163866,0.0139676244932578,0.0127959525819673,"G:/repos/status-of-butterflies-analysis/4_res/fits-parameterized/full-run-all-sources-V1/CALLGRY-full-run-all-sources-V1.html"
"CALLHEN",0.5852,0.0464372470560612,0.0472104104639028,0.0461292311710117,"G:/repos/status-of-butterflies-analysis/4_res/fits-parameterized/full-run-all-sources-V1/CALLHEN-full-run-all-sources-V1.html"
"CALLIRU",0.7212,-0.00985919101762289,-0.00952823242380037,-0.0123260233887643,"G:/repos/status-of-butterflies-analysis/4_res/fits-parameterized/full-run-all-sources-V1/CALLIRU-full-run-all-sources-V1.html"
"CALLMOS",0.9898,0.0788061311339702,0.0795166396108524,0.0786441197222904,"G:/repos/status-of-butterflies-analysis/4_res/fits-parameterized/full-run-all-sources-V1/CALLMOS-full-run-all-sources-V1.html"
"CALLNIP",0.1536,0.0814347440008741,0.0820685238570251,0.0805542340584105,"G:/repos/status-of-butterflies-analysis/4_res/fits-parameterized/full-run-all-sources-V1/CALLNIP-full-run-all-sources-V1.html"
"CALLSHE",0.8126,-0.113045195882313,-0.112555202333465,-0.114457585065754,"G:/repos/status-of-butterflies-analysis/4_res/fits-parameterized/full-run-all-sources-V1/CALLSHE-full-run-all-sources-V1.html"
"CALLSPI",-0.0286,-0.0111012813056692,-0.0103714957162698,-0.0170194165946732,"G:/repos/status-of-butterflies-analysis/4_res/fits-parameterized/full-run-all-sources-V1/CALLSPI-full-run-all-sources-V1.html"
"CALNEM",0.9559,0.0538242356709362,0.0540809814420944,0.0503148493733258,"G:/repos/status-of-butterflies-analysis/4_res/fits-parameterized/full-run-all-sources-V1/CALNEM-full-run-all-sources-V1.html"
"CALYCEC",0.3178,0.030278654068531,0.0310716006917462,0.0310716006917462,"G:/repos/status-of-butterflies-analysis/4_res/fits-parameterized/full-run-all-sources-V1/CALYCEC-full-run-all-sources-V1.html"
"CARTPAL",0.3492,0.0165837983197866,0.0166995290071093,0.00480185468371634,"G:/repos/status-of-butterflies-analysis/4_res/fits-parameterized/full-run-all-sources-V1/CARTPAL-full-run-all-sources-V1.html"
"CELLAD",0.4078,0.00916871079986763,0.0110330474139582,0.00916075947760876,"G:/repos/status-of-butterflies-analysis/4_res/fits-parameterized/full-run-all-sources-V1/CELLAD-full-run-all-sources-V1.html"
"CELNEG",0.4006,-0.0257634557857428,-0.0254284112221275,-0.025875369139332,"G:/repos/status-of-butterflies-analysis/4_res/fits-parameterized/full-run-all-sources-V1/CELNEG-full-run-all-sources-V1.html"
"CEROET",-0.0452,-0.0127940473624301,-0.012319990523596,-0.0166059538276247,"G:/repos/status-of-butterflies-analysis/4_res/fits-parameterized/full-run-all-sources-V1/CEROET-full-run-all-sources-V1.html"
"CERPEG",0.1596,-0.0643670583515407,-0.0633477104214726,-0.0643362634557271,"G:/repos/status-of-butterflies-analysis/4_res/fits-parameterized/full-run-all-sources-V1/CERPEG-full-run-all-sources-V1.html"
"CERSTH",0.011,-0.0601385398611868,-0.0594224553685624,-0.0610554497264782,"G:/repos/status-of-butterflies-analysis/4_res/fits-parameterized/full-run-all-sources-V1/CERSTH-full-run-all-sources-V1.html"
"CHLOGOR",0.3646,-0.0892873489405285,-0.0885205983773674,-0.0885622610741006,"G:/repos/status-of-butterflies-analysis/4_res/fits-parameterized/full-run-all-sources-V1/CHLOGOR-full-run-all-sources-V1.html"
"CHLOHAR",0.384,-0.0883684770026705,-0.0882714806679981,-0.108688349953661,"G:/repos/status-of-butterflies-analysis/4_res/fits-parameterized/full-run-all-sources-V1/CHLOHAR-full-run-all-sources-V1.html"
"CHLOHOF",0.9963,0.0147011011542638,0.0149240549872349,0.012293962992913,"G:/repos/status-of-butterflies-analysis/4_res/fits-parameterized/full-run-all-sources-V1/CHLOHOF-full-run-all-sources-V1.html"
"CHLOLAC",0.7572,0.0390791200053731,0.0395241400776419,0.038578651060839,"G:/repos/status-of-butterflies-analysis/4_res/fits-parameterized/full-run-all-sources-V1/CHLOLAC-full-run-all-sources-V1.html"
"CHLOLEA",0.0507,-0.0363242383345788,-0.0358375210498794,-0.0361624526176656,"G:/repos/status-of-butterflies-analysis/4_res/fits-parameterized/full-run-all-sources-V1/CHLOLEA-full-run-all-sources-V1.html"
"CHLONYC",0.3192,0.0228296802339764,0.02308513069223,0.0191150591167723,"G:/repos/status-of-butterflies-analysis/4_res/fits-parameterized/full-run-all-sources-V1/CHLONYC-full-run-all-sources-V1.html"
"COETUL",0.0361,-0.00808209908408127,-0.00669782951053635,-0.00903299904267909,"G:/repos/status-of-butterflies-analysis/4_res/fits-parameterized/full-run-all-sources-V1/COETUL-full-run-all-sources-V1.html"
"COLALE",0.5043,0.0305946650474205,0.0307452474531704,0.0238933257189645,"G:/repos/status-of-butterflies-analysis/4_res/fits-parameterized/full-run-all-sources-V1/COLALE-full-run-all-sources-V1.html"
"COLCES",0.622,-0.0276050254423662,-0.0267174663119352,-0.0275143136536704,"G:/repos/status-of-butterflies-analysis/4_res/fits-parameterized/full-run-all-sources-V1/COLCES-full-run-all-sources-V1.html"
"COLEU1",0.9959,0.00304398623185189,0.00356299377750839,0.00356299377750839,"G:/repos/status-of-butterflies-analysis/4_res/fits-parameterized/full-run-all-sources-V1/COLEU1-full-run-all-sources-V1.html"
"COLEU2",0.3442,-0.0235244672023655,-0.0216526126656594,-0.0233825216539087,"G:/repos/status-of-butterflies-analysis/4_res/fits-parameterized/full-run-all-sources-V1/COLEU2-full-run-all-sources-V1.html"
"COLINT",0.8837,0.00364271705675012,0.00437440238319928,0.00413360304868139,"G:/repos/status-of-butterflies-analysis/4_res/fits-parameterized/full-run-all-sources-V1/COLINT-full-run-all-sources-V1.html"
"COLOCC",0.9364,-0.00258265872680834,-0.00247261260680239,-0.0114806071122865,"G:/repos/status-of-butterflies-analysis/4_res/fits-parameterized/full-run-all-sources-V1/COLOCC-full-run-all-sources-V1.html"
"COLPHI",0.1099,0.00270028472709851,0.00439351878233942,0.0023854532248576,"G:/repos/status-of-butterflies-analysis/4_res/fits-parameterized/full-run-all-sources-V1/COLPHI-full-run-all-sources-V1.html"
"COPAUR",0.9465,0.00263370459419115,0.00306389099178495,0.00283084492151865,"G:/repos/status-of-butterflies-analysis/4_res/fits-parameterized/full-run-all-sources-V1/COPAUR-full-run-all-sources-V1.html"
"CYLGEM",0.2961,0.0363083879331917,0.0371085853290486,0.0355601291737995,"G:/repos/status-of-butterflies-analysis/4_res/fits-parameterized/full-run-all-sources-V1/CYLGEM-full-run-all-sources-V1.html"
"DANGIL",0.8736,0.0300078551655037,0.0312396914144568,0.0292853897044929,"G:/repos/status-of-butterflies-analysis/4_res/fits-parameterized/full-run-all-sources-V1/DANGIL-full-run-all-sources-V1.html"
"DANPLE",0.2579,-0.0112804616487761,-0.0106922576360465,-0.0110957609469442,"G:/repos/status-of-butterflies-analysis/4_res/fits-parameterized/full-run-all-sources-V1/DANPLE-full-run-all-sources-V1.html"
"DYMDYM",-0.0638,0.013960326743672,0.0140195766669066,0.00737742793850392,"G:/repos/status-of-butterflies-analysis/4_res/fits-parameterized/full-run-all-sources-V1/DYMDYM-full-run-all-sources-V1.html"
"ENOANT",0.3554,-0.00685027787241915,-0.0057141402191184,-0.00807568476278482,"G:/repos/status-of-butterflies-analysis/4_res/fits-parameterized/full-run-all-sources-V1/ENOANT-full-run-all-sources-V1.html"
"ENOCRE",0.7223,-0.00409884620834885,-0.00361287498894548,-0.00415520965754128,"G:/repos/status-of-butterflies-analysis/4_res/fits-parameterized/full-run-all-sources-V1/ENOCRE-full-run-all-sources-V1.html"
"ENOPOR",0.8355,-0.0281357608986817,-0.0276833413350278,-0.0283772550372975,"G:/repos/status-of-butterflies-analysis/4_res/fits-parameterized/full-run-all-sources-V1/ENOPOR-full-run-all-sources-V1.html"
"EPACLA",0.4404,0.0143373522996284,0.0150136083579379,0.0143362221410124,"G:/repos/status-of-butterflies-analysis/4_res/fits-parameterized/full-run-all-sources-V1/EPACLA-full-run-all-sources-V1.html"
"EREEPI",0.199,-0.0024217847582075,-0.00217637073801883,-0.00844505054553506,"G:/repos/status-of-butterflies-analysis/4_res/fits-parameterized/full-run-all-sources-V1/EREEPI-full-run-all-sources-V1.html"
"ERYBAP",0.4552,0.0351938086379964,0.0358427701905219,0.0352438546703108,"G:/repos/status-of-butterflies-analysis/4_res/fits-parameterized/full-run-all-sources-V1/ERYBAP-full-run-all-sources-V1.html"
"ERYBRI",0.0332,-0.0354584753414104,-0.0348684176708558,-0.0413631313917321,"G:/repos/status-of-butterflies-analysis/4_res/fits-parameterized/full-run-all-sources-V1/ERYBRI-full-run-all-sources-V1.html"
"ERYFUN",0.4837,-7.74838209617616e-05,0.000597093043793977,-0.000372299840721014,"G:/repos/status-of-butterflies-analysis/4_res/fits-parameterized/full-run-all-sources-V1/ERYFUN-full-run-all-sources-V1.html"
"ERYHOR",0.4176,0.0339145644994837,0.0347085322788076,0.0344373107103129,"G:/repos/status-of-butterflies-analysis/4_res/fits-parameterized/full-run-all-sources-V1/ERYHOR-full-run-all-sources-V1.html"
"ERYICE",0.2824,-0.0618919665866663,-0.0618225122424651,-0.0691445598848206,"G:/repos/status-of-butterflies-analysis/4_res/fits-parameterized/full-run-all-sources-V1/ERYICE-full-run-all-sources-V1.html"
"ERYJUV",0.0044,-0.0044800998650371,-0.00353277142834796,-0.00628990333951501,"G:/repos/status-of-butterflies-analysis/4_res/fits-parameterized/full-run-all-sources-V1/ERYJUV-full-run-all-sources-V1.html"
"ERYMAR",0.2081,-0.0697169734685018,-0.0686615811314033,-0.0697899943836135,"G:/repos/status-of-butterflies-analysis/4_res/fits-parameterized/full-run-all-sources-V1/ERYMAR-full-run-all-sources-V1.html"
"ERYPAC",0.3427,0.016304233613589,0.0169121003652297,0.0156937658766887,"G:/repos/status-of-butterflies-analysis/4_res/fits-parameterized/full-run-all-sources-V1/ERYPAC-full-run-all-sources-V1.html"
"ERYPER",6e-04,0.0179666166211941,0.0186461330286105,0.0180876565363936,"G:/repos/status-of-butterflies-analysis/4_res/fits-parameterized/full-run-all-sources-V1/ERYPER-full-run-all-sources-V1.html"
"ERYPRO",-0.0824,0.00670946274740031,0.00689902041092752,-0.00212566940224194,"G:/repos/status-of-butterflies-analysis/4_res/fits-parameterized/full-run-all-sources-V1/ERYPRO-full-run-all-sources-V1.html"
"ERYTRI",0.5665,0.0624802886426161,0.0632309447884708,0.0626248321044008,"G:/repos/status-of-butterflies-analysis/4_res/fits-parameterized/full-run-all-sources-V1/ERYTRI-full-run-all-sources-V1.html"
"EUCAUS",-0.0354,-0.0934438779250134,-0.0925260767844609,-0.0941960016107428,"G:/repos/status-of-butterflies-analysis/4_res/fits-parameterized/full-run-all-sources-V1/EUCAUS-full-run-all-sources-V1.html"
"EUCHYA",0.5086,0.0401666792249841,0.0408465556815814,0.0401848943071552,"G:/repos/status-of-butterflies-analysis/4_res/fits-parameterized/full-run-all-sources-V1/EUCHYA-full-run-all-sources-V1.html"
"EUCOLY",0.1517,0.00828437248840667,0.00865654480828124,0.00714648128513958,"G:/repos/status-of-butterflies-analysis/4_res/fits-parameterized/full-run-all-sources-V1/EUCOLY-full-run-all-sources-V1.html"
"EUPBAT",0.0621,0.0292015101767141,0.0294865912513073,0.025291186447352,"G:/repos/status-of-butterflies-analysis/4_res/fits-parameterized/full-run-all-sources-V1/EUPBAT-full-run-all-sources-V1.html"
"EUPENO",0.0254,0.0318013343810025,0.0324237165907661,0.0283629896910026,"G:/repos/status-of-butterflies-analysis/4_res/fits-parameterized/full-run-all-sources-V1/EUPENO-full-run-all-sources-V1.html"
"EUPHCHA",-0.0031,-0.0522734809531652,-0.0516579741479685,-0.0529176983788889,"G:/repos/status-of-butterflies-analysis/4_res/fits-parameterized/full-run-all-sources-V1/EUPHCHA-full-run-all-sources-V1.html"
"EUPHEDI",0.3393,-0.010936153765713,-0.0104202084328508,-0.0110470460704969,"G:/repos/status-of-butterflies-analysis/4_res/fits-parameterized/full-run-all-sources-V1/EUPHEDI-full-run-all-sources-V1.html"
"EUPHPHA",0.1596,-0.0602487581489395,-0.0595295647991429,-0.0609212088553798,"G:/repos/status-of-butterflies-analysis/4_res/fits-parameterized/full-run-all-sources-V1/EUPHPHA-full-run-all-sources-V1.html"
"EUPTCLA",0.4397,0.0116577539814652,0.0123704255384201,0.0119003046679232,"G:/repos/status-of-butterflies-analysis/4_res/fits-parameterized/full-run-all-sources-V1/EUPTCLA-full-run-all-sources-V1.html"
"EUPYCON",0.4892,-0.0686368080194232,-0.0678793245390304,-0.0696318182335778,"G:/repos/status-of-butterflies-analysis/4_res/fits-parameterized/full-run-all-sources-V1/EUPYCON-full-run-all-sources-V1.html"
"EUPYDIO",0.1282,-0.0301898366696443,-0.0295835560622775,-0.0300949514480945,"G:/repos/status-of-butterflies-analysis/4_res/fits-parameterized/full-run-all-sources-V1/EUPYDIO-full-run-all-sources-V1.html"
"EUPYDUK",0.2176,0.102688175130334,0.102935839417346,0.100501931768157,"G:/repos/status-of-butterflies-analysis/4_res/fits-parameterized/full-run-all-sources-V1/EUPYDUK-full-run-all-sources-V1.html"
"EUPYVES",0.5338,0.00320476636658218,0.0044779064094441,0.00243706043853976,"G:/repos/status-of-butterflies-analysis/4_res/fits-parameterized/full-run-all-sources-V1/EUPYVES-full-run-all-sources-V1.html"
"EURLIS",0.0262,0.0344153285988565,0.0350121494917201,0.031631528402723,"G:/repos/status-of-butterflies-analysis/4_res/fits-parameterized/full-run-all-sources-V1/EURLIS-full-run-all-sources-V1.html"
"EURMEX",0.7215,-0.0325021210177515,-0.0316896553306767,-0.0319442991233373,"G:/repos/status-of-butterflies-analysis/4_res/fits-parameterized/full-run-all-sources-V1/EURMEX-full-run-all-sources-V1.html"
"EURNIC",0.5258,0.0619803971942771,0.0630061604822048,0.0612656106309406,"G:/repos/status-of-butterflies-analysis/4_res/fits-parameterized/full-run-all-sources-V1/EURNIC-full-run-all-sources-V1.html"
"EURYMAR",0.2572,0.038939476147983,0.0397651438522049,0.039273030498999,"G:/repos/status-of-butterflies-analysis/4_res/fits-parameterized/full-run-all-sources-V1/EURYMAR-full-run-all-sources-V1.html"
"EVEAMY",-0.0097,-0.0245961719782199,-0.0241708503938921,-0.0294265305908625,"G:/repos/status-of-butterflies-analysis/4_res/fits-parameterized/full-run-all-sources-V1/EVEAMY-full-run-all-sources-V1.html"
"EVECOM",0.4269,0.00517000501702223,0.00577485323439304,0.00192639435801543,"G:/repos/status-of-butterflies-analysis/4_res/fits-parameterized/full-run-all-sources-V1/EVECOM-full-run-all-sources-V1.html"
"FENTAR",0.3921,0.030702276771741,0.0319633952615096,0.0312076891853811,"G:/repos/status-of-butterflies-analysis/4_res/fits-parameterized/full-run-all-sources-V1/FENTAR-full-run-all-sources-V1.html"
"GLALYG",0.0034,-0.0307875133639958,-0.030360150757488,-0.0351483920187888,"G:/repos/status-of-butterflies-analysis/4_res/fits-parameterized/full-run-all-sources-V1/GLALYG-full-run-all-sources-V1.html"
"GLAPIA",0.5032,-0.0205807609811604,-0.0199357234093315,-0.0213729703367912,"G:/repos/status-of-butterflies-analysis/4_res/fits-parameterized/full-run-all-sources-V1/GLAPIA-full-run-all-sources-V1.html"
"HABGRU",0.1144,-0.099339824192811,-0.0988586514035237,-0.102269757346883,"G:/repos/status-of-butterflies-analysis/4_res/fits-parameterized/full-run-all-sources-V1/HABGRU-full-run-all-sources-V1.html"
"HELIERI",0.993,-0.00601235583415631,-0.00538129694689416,-0.00703411534519381,"G:/repos/status-of-butterflies-analysis/4_res/fits-parameterized/full-run-all-sources-V1/HELIERI-full-run-all-sources-V1.html"
"HEMCER",0.4648,0.04692433391688,0.0476383393808493,0.0469406783586318,"G:/repos/status-of-butterflies-analysis/4_res/fits-parameterized/full-run-all-sources-V1/HEMCER-full-run-all-sources-V1.html"
"HEMISO",0.7379,-0.0277526585298792,-0.0272547226473067,-0.0273623415556813,"G:/repos/status-of-butterflies-analysis/4_res/fits-parameterized/full-run-all-sources-V1/HEMISO-full-run-all-sources-V1.html"
"HERSOS",0.5482,0.0373621536948708,0.0378555813236117,0.0373055432374432,"G:/repos/status-of-butterflies-analysis/4_res/fits-parameterized/full-run-all-sources-V1/HERSOS-full-run-all-sources-V1.html"
"HESCOM",0.0913,8.89286033026546e-06,8.82177850328978e-05,-0.0153546050947745,"G:/repos/status-of-butterflies-analysis/4_res/fits-parameterized/full-run-all-sources-V1/HESCOM-full-run-all-sources-V1.html"
"HESJUB",0.3624,0.0295308279448565,0.0301368191776229,0.0288148829952583,"G:/repos/status-of-butterflies-analysis/4_res/fits-parameterized/full-run-all-sources-V1/HESJUB-full-run-all-sources-V1.html"
"HESLEO",0.2087,-0.0328944951211547,-0.0328944951211547,-0.10350755118688,"G:/repos/status-of-butterflies-analysis/4_res/fits-parameterized/full-run-all-sources-V1/HESLEO-full-run-all-sources-V1.html"
"HESLIN",0.994,0.0641863653752068,0.0641863653752068,-0.0168690018738225,"G:/repos/status-of-butterflies-analysis/4_res/fits-parameterized/full-run-all-sources-V1/HESLIN-full-run-all-sources-V1.html"
"HESMET",0.0254,-0.115688172221466,-0.115272284600299,-0.116839536348091,"G:/repos/status-of-butterflies-analysis/4_res/fits-parameterized/full-run-all-sources-V1/HESMET-full-run-all-sources-V1.html"
"HESNEV",0.0653,-0.0297122107718372,-0.029325857542795,-0.0322325760646863,"G:/repos/status-of-butterflies-analysis/4_res/fits-parameterized/full-run-all-sources-V1/HESNEV-full-run-all-sources-V1.html"
"HESOTT",0.2116,-0.0217501925289694,-0.0209370311748938,-0.0245470037625997,"G:/repos/status-of-butterflies-analysis/4_res/fits-parameterized/full-run-all-sources-V1/HESOTT-full-run-all-sources-V1.html"
"HESPAH",0.8964,-0.0318980928738806,-0.0313115698463963,-0.0317234814802597,"G:/repos/status-of-butterflies-analysis/4_res/fits-parameterized/full-run-all-sources-V1/HESPAH-full-run-all-sources-V1.html"
"HESSAS",0.3299,-0.0131525802127381,-0.0126669185360289,-0.0148538704049538,"G:/repos/status-of-butterflies-analysis/4_res/fits-parameterized/full-run-all-sources-V1/HESSAS-full-run-all-sources-V1.html"
"HESVIR",0.8363,-0.035705687801113,-0.0353914272783417,-0.0405630924545067,"G:/repos/status-of-butterflies-analysis/4_res/fits-parameterized/full-run-all-sources-V1/HESVIR-full-run-all-sources-V1.html"
"HYLPHY",0.929,0.0379261684197363,0.0381164346166845,0.0356060044405187,"G:/repos/status-of-butterflies-analysis/4_res/fits-parameterized/full-run-all-sources-V1/HYLPHY-full-run-all-sources-V1.html"
"JUNCOE",0.571,-0.014130454202309,-0.0136023097740508,-0.0136302327191925,"G:/repos/status-of-butterflies-analysis/4_res/fits-parameterized/full-run-all-sources-V1/JUNCOE-full-run-all-sources-V1.html"
"LEPMAR",0.114,-0.0276162485473549,-0.0269946569839791,-0.0275458251873163,"G:/repos/status-of-butterflies-analysis/4_res/fits-parameterized/full-run-all-sources-V1/LEPMAR-full-run-all-sources-V1.html"
"LERACC",0.6579,0.0230903153015459,0.0239579526541551,0.0223763875024127,"G:/repos/status-of-butterflies-analysis/4_res/fits-parameterized/full-run-all-sources-V1/LERACC-full-run-all-sources-V1.html"
"LEROEUF",0.054,-0.0120052175419211,-0.010706205615135,-0.0136198171191101,"G:/repos/status-of-butterflies-analysis/4_res/fits-parameterized/full-run-all-sources-V1/LEROEUF-full-run-all-sources-V1.html"
"LIBCAR",0.2522,0.00246285506223359,0.00350930215027115,0.00262587903561942,"G:/repos/status-of-butterflies-analysis/4_res/fits-parameterized/full-run-all-sources-V1/LIBCAR-full-run-all-sources-V1.html"
"LIMARC",0.245,-0.0054504171410291,-0.00468864924994419,-0.00492046675422317,"G:/repos/status-of-butterflies-analysis/4_res/fits-parameterized/full-run-all-sources-V1/LIMARC-full-run-all-sources-V1.html"
"LIMART",0.999,-0.0229869957586091,-0.0219491529444479,-0.0228162934278848,"G:/repos/status-of-butterflies-analysis/4_res/fits-parameterized/full-run-all-sources-V1/LIMART-full-run-all-sources-V1.html"
"LIMLOR",0.3585,0.0301873685805297,0.0310482271780932,0.0294955265711351,"G:/repos/status-of-butterflies-analysis/4_res/fits-parameterized/full-run-all-sources-V1/LIMLOR-full-run-all-sources-V1.html"
"LIMWEI",0.2323,0.0123989720382826,0.0131112883050771,0.0121545977405183,"G:/repos/status-of-butterflies-analysis/4_res/fits-parameterized/full-run-all-sources-V1/LIMWEI-full-run-all-sources-V1.html"
"LYCAARO",-0.0058,-0.00396747632178416,-0.0037367261406843,-0.00830642631560172,"G:/repos/status-of-butterflies-analysis/4_res/fits-parameterized/full-run-all-sources-V1/LYCAARO-full-run-all-sources-V1.html"
"LYCACUP",0.9759,-0.024028999473589,-0.0239425199061801,-0.0274991855666965,"G:/repos/status-of-butterflies-analysis/4_res/fits-parameterized/full-run-all-sources-V1/LYCACUP-full-run-all-sources-V1.html"
"LYCADIO",0.4207,-0.0450520828855609,-0.0444470927828631,-0.0450792055643429,"G:/repos/status-of-butterflies-analysis/4_res/fits-parameterized/full-run-all-sources-V1/LYCADIO-full-run-all-sources-V1.html"
"LYCADOR",0.9603,-0.0906159321906309,-0.0901690503795084,-0.0940992369789346,"G:/repos/status-of-butterflies-analysis/4_res/fits-parameterized/full-run-all-sources-V1/LYCADOR-full-run-all-sources-V1.html"
"LYCAEDI",0.9753,0.0565504730595904,0.0566794631495417,0.0516106857651995,"G:/repos/status-of-butterflies-analysis/4_res/fits-parameterized/full-run-all-sources-V1/LYCAEDI-full-run-all-sources-V1.html"
"LYCAEPI",-0.0143,-0.0117365560199939,-0.0114279117409644,-0.0198024639870091,"G:/repos/status-of-butterflies-analysis/4_res/fits-parameterized/full-run-all-sources-V1/LYCAEPI-full-run-all-sources-V1.html"
"LYCAGOR",0.767,-0.00488721455162856,-0.00475252570438793,-0.0100877335027958,"G:/repos/status-of-butterflies-analysis/4_res/fits-parameterized/full-run-all-sources-V1/LYCAGOR-full-run-all-sources-V1.html"
"LYCAHEL",-0.0188,-0.126512964973283,-0.126130543381494,-0.137419226161087,"G:/repos/status-of-butterflies-analysis/4_res/fits-parameterized/full-run-all-sources-V1/LYCAHEL-full-run-all-sources-V1.html"
"LYCAHET",-0.0181,0.0369589853306254,0.036958985330927,-0.0017767278357241,"G:/repos/status-of-butterflies-analysis/4_res/fits-parameterized/full-run-all-sources-V1/LYCAHET-full-run-all-sources-V1.html"
"LYCAHYL",0.3343,-0.0618581756184511,-0.0610633120067748,-0.0623773109635189,"G:/repos/status-of-butterflies-analysis/4_res/fits-parameterized/full-run-all-sources-V1/LYCAHYL-full-run-all-sources-V1.html"
"LYCAMAR",0.5673,0.0400725244547818,0.0404593944471978,0.0398665169012258,"G:/repos/status-of-butterflies-analysis/4_res/fits-parameterized/full-run-all-sources-V1/LYCAMAR-full-run-all-sources-V1.html"
"LYCANIV",0.8162,0.000270398962648886,0.00104727187801577,0.000795646834187116,"G:/repos/status-of-butterflies-analysis/4_res/fits-parameterized/full-run-all-sources-V1/LYCANIV-full-run-all-sources-V1.html"
"LYCAPHL",0.0159,-0.0592942374459389,-0.058921838615752,-0.0638473748950911,"G:/repos/status-of-butterflies-analysis/4_res/fits-parameterized/full-run-all-sources-V1/LYCAPHL-full-run-all-sources-V1.html"
"LYCARUB",0.6385,-0.042096287515127,-0.0420958833479281,-0.0605658492874784,"G:/repos/status-of-butterflies-analysis/4_res/fits-parameterized/full-run-all-sources-V1/LYCARUB-full-run-all-sources-V1.html"
"LYCAXAN",0.1544,-0.0826795303923783,-0.0820941860908935,-0.0829445795116042,"G:/repos/status-of-butterflies-analysis/4_res/fits-parameterized/full-run-all-sources-V1/LYCAXAN-full-run-all-sources-V1.html"
"LYCIDA",0.0658,0.0409118003450154,0.0409525081251114,0.0381104951939262,"G:/repos/status-of-butterflies-analysis/4_res/fits-parameterized/full-run-all-sources-V1/LYCIDA-full-run-all-sources-V1.html"
"LYCMEL",0.1888,0.0191989872579313,0.0197785226033806,0.0160807835670643,"G:/repos/status-of-butterflies-analysis/4_res/fits-parameterized/full-run-all-sources-V1/LYCMEL-full-run-all-sources-V1.html"
"MEGICYM",0.4133,-0.0119329855844888,-0.011220667079417,-0.0150855490200608,"G:/repos/status-of-butterflies-analysis/4_res/fits-parameterized/full-run-all-sources-V1/MEGICYM-full-run-all-sources-V1.html"
"NASLHE",0.3434,0.00496373703444511,0.00549077824538129,0.00504594220227696,"G:/repos/status-of-butterflies-analysis/4_res/fits-parameterized/full-run-all-sources-V1/NASLHE-full-run-all-sources-V1.html"
"NATIOL",0.3195,0.0607029902052185,0.0613811990633983,0.0609080543635437,"G:/repos/status-of-butterflies-analysis/4_res/fits-parameterized/full-run-all-sources-V1/NATIOL-full-run-all-sources-V1.html"
"NEOPMEN",0.5531,-0.0404536547538356,-0.0400319279529123,-0.0441731042299963,"G:/repos/status-of-butterflies-analysis/4_res/fits-parameterized/full-run-all-sources-V1/NEOPMEN-full-run-all-sources-V1.html"
"NYMANT",0.1036,-0.0183572203296479,-0.0175390929525236,-0.0184136452266997,"G:/repos/status-of-butterflies-analysis/4_res/fits-parameterized/full-run-all-sources-V1/NYMANT-full-run-all-sources-V1.html"
"NYMCAL",0.046,0.0066306875724224,0.00748002588921329,0.00615706153080608,"G:/repos/status-of-butterflies-analysis/4_res/fits-parameterized/full-run-all-sources-V1/NYMCAL-full-run-all-sources-V1.html"
"NYMMIL",0.0045,-0.0759242920094904,-0.0754430000302236,-0.0755843413949532,"G:/repos/status-of-butterflies-analysis/4_res/fits-parameterized/full-run-all-sources-V1/NYMMIL-full-run-all-sources-V1.html"
"NYMVAU",0.6344,-0.0302180970298727,-0.0296703516740384,-0.0311614854101531,"G:/repos/status-of-butterflies-analysis/4_res/fits-parameterized/full-run-all-sources-V1/NYMVAU-full-run-all-sources-V1.html"
"OARGAR",0.4822,-0.0343821647933449,-0.0337611917858977,-0.0357646455842049,"G:/repos/status-of-butterflies-analysis/4_res/fits-parameterized/full-run-all-sources-V1/OARGAR-full-run-all-sources-V1.html"
"OCHAGR",0.0333,0.0819728010250334,0.0819728010250334,-0.0200132154977839,"G:/repos/status-of-butterflies-analysis/4_res/fits-parameterized/full-run-all-sources-V1/OCHAGR-full-run-all-sources-V1.html"
"OCHSYL",0.1889,0.00414546374067584,0.00441711103121858,0.000569485189692745,"G:/repos/status-of-butterflies-analysis/4_res/fits-parameterized/full-run-all-sources-V1/OCHSYL-full-run-all-sources-V1.html"
"OENCHR",0.7078,0.203240171045881,0.203240171045881,-0.0295521967337171,"G:/repos/status-of-butterflies-analysis/4_res/fits-parameterized/full-run-all-sources-V1/OENCHR-full-run-all-sources-V1.html"
"OENNEV",0.6595,0.00918447866480089,0.00959659159640779,0.00934328319533089,"G:/repos/status-of-butterflies-analysis/4_res/fits-parameterized/full-run-all-sources-V1/OENNEV-full-run-all-sources-V1.html"
"PANOCO",0.0579,0.0743292801870251,0.0751311546200004,0.0749233492072139,"G:/repos/status-of-butterflies-analysis/4_res/fits-parameterized/full-run-all-sources-V1/PANOCO-full-run-all-sources-V1.html"
"PAPCAN",0.2033,0.0267634500582542,0.0276295053907377,0.0258214605584272,"G:/repos/status-of-butterflies-analysis/4_res/fits-parameterized/full-run-all-sources-V1/PAPCAN-full-run-all-sources-V1.html"
"PAPCRE",0.6721,0.061721740630183,0.0622340456133433,0.0620020642181123,"G:/repos/status-of-butterflies-analysis/4_res/fits-parameterized/full-run-all-sources-V1/PAPCRE-full-run-all-sources-V1.html"
"PAPEUR",0.3216,-0.00754390588144525,-0.00673607866142506,-0.00757240868467646,"G:/repos/status-of-butterflies-analysis/4_res/fits-parameterized/full-run-all-sources-V1/PAPEUR-full-run-all-sources-V1.html"
"PAPGLA",0.4206,-0.00210058833647358,-0.00157214749075202,-0.00178431463201034,"G:/repos/status-of-butterflies-analysis/4_res/fits-parameterized/full-run-all-sources-V1/PAPGLA-full-run-all-sources-V1.html"
"PAPIND",0.41,-0.0118336529618534,-0.0111307284927638,-0.0127511275912935,"G:/repos/status-of-butterflies-analysis/4_res/fits-parameterized/full-run-all-sources-V1/PAPIND-full-run-all-sources-V1.html"
"PAPMUL",0.4577,-0.014383557981064,-0.0132997708696246,-0.0143179495742078,"G:/repos/status-of-butterflies-analysis/4_res/fits-parameterized/full-run-all-sources-V1/PAPMUL-full-run-all-sources-V1.html"
"PAPPOL",0.323,-0.00492554351323146,-0.0043636122532237,-0.00487036793119954,"G:/repos/status-of-butterflies-analysis/4_res/fits-parameterized/full-run-all-sources-V1/PAPPOL-full-run-all-sources-V1.html"
"PAPRUT",0.4569,0.0124683694548671,0.0135761524676162,0.0125313345005782,"G:/repos/status-of-butterflies-analysis/4_res/fits-parameterized/full-run-all-sources-V1/PAPRUT-full-run-all-sources-V1.html"
"PAPTRO",-0.012,0.0204072230105138,0.0212235651906322,0.0181008394193069,"G:/repos/status-of-butterflies-analysis/4_res/fits-parameterized/full-run-all-sources-V1/PAPTRO-full-run-all-sources-V1.html"
"PAPZEL",0.7289,-0.0274706801684047,-0.0264677465277843,-0.0280093297097778,"G:/repos/status-of-butterflies-analysis/4_res/fits-parameterized/full-run-all-sources-V1/PAPZEL-full-run-all-sources-V1.html"
"PARNCLO",0.052,-0.00623142466214726,-0.00615427947430463,-0.00919948551725063,"G:/repos/status-of-butterflies-analysis/4_res/fits-parameterized/full-run-all-sources-V1/PARNCLO-full-run-all-sources-V1.html"
"PARNPHO",0.3077,0.00126945991149972,0.00127417660468147,-0.0197030408505597,"G:/repos/status-of-butterflies-analysis/4_res/fits-parameterized/full-run-all-sources-V1/PARNPHO-full-run-all-sources-V1.html"
"PHOEAGA",0.7569,0.0182757728652363,0.0188963477091085,0.0177142558634417,"G:/repos/status-of-butterflies-analysis/4_res/fits-parameterized/full-run-all-sources-V1/PHOEAGA-full-run-all-sources-V1.html"
"PHOESEN",-0.0128,0.0354604025009795,0.0360231284543406,0.0348838724311165,"G:/repos/status-of-butterflies-analysis/4_res/fits-parameterized/full-run-all-sources-V1/PHOESEN-full-run-all-sources-V1.html"
"PHOLCAT",0.2657,-0.0441794826069006,-0.04332475132252,-0.0462906886972962,"G:/repos/status-of-butterflies-analysis/4_res/fits-parameterized/full-run-all-sources-V1/PHOLCAT-full-run-all-sources-V1.html"
"PHYBAT",0.5934,-0.0815910739090477,-0.0808396228788648,-0.0820371129977065,"G:/repos/status-of-butterflies-analysis/4_res/fits-parameterized/full-run-all-sources-V1/PHYBAT-full-run-all-sources-V1.html"
"PHYCAM",-0.0041,-0.0745175598625354,-0.0742302735012826,-0.0798337053415888,"G:/repos/status-of-butterflies-analysis/4_res/fits-parameterized/full-run-all-sources-V1/PHYCAM-full-run-all-sources-V1.html"
"PHYMYL",0.4888,-0.0128325585830913,-0.0118008168115317,-0.0148921297493533,"G:/repos/status-of-butterflies-analysis/4_res/fits-parameterized/full-run-all-sources-V1/PHYMYL-full-run-all-sources-V1.html"
"PHYORS",0.9817,-0.0372981426542622,-0.0370155100237408,-0.0371785163266341,"G:/repos/status-of-butterflies-analysis/4_res/fits-parameterized/full-run-all-sources-V1/PHYORS-full-run-all-sources-V1.html"
"PHYPAL",0.1614,-0.00248416094399687,-0.00234484690366821,-0.00883006527577484,"G:/repos/status-of-butterflies-analysis/4_res/fits-parameterized/full-run-all-sources-V1/PHYPAL-full-run-all-sources-V1.html"
"PHYPIC",0.8553,-0.0288027431200822,-0.0287419284124067,-0.0382496762997475,"G:/repos/status-of-butterflies-analysis/4_res/fits-parameterized/full-run-all-sources-V1/PHYPIC-full-run-all-sources-V1.html"
"PHYSEL",0.783,-0.00164604299166607,-0.000882960650045154,-0.00260443757942625,"G:/repos/status-of-butterflies-analysis/4_res/fits-parameterized/full-run-all-sources-V1/PHYSEL-full-run-all-sources-V1.html"
"PHYTEX",0.6077,-0.0223468815681741,-0.0218453549617312,-0.0222290702608898,"G:/repos/status-of-butterflies-analysis/4_res/fits-parameterized/full-run-all-sources-V1/PHYTEX-full-run-all-sources-V1.html"
"PHYTHA",0.4035,0.00277370662997339,0.00328036370726336,0.0027303876268792,"G:/repos/status-of-butterflies-analysis/4_res/fits-parameterized/full-run-all-sources-V1/PHYTHA-full-run-all-sources-V1.html"
"PIENAP",0.0274,-0.00415037085664855,-0.00414983059842969,-0.0253332156482632,"G:/repos/status-of-butterflies-analysis/4_res/fits-parameterized/full-run-all-sources-V1/PIENAP-full-run-all-sources-V1.html"
"PIERAP",0.3598,-0.0231540438124401,-0.0217103788168761,-0.0229232762223386,"G:/repos/status-of-butterflies-analysis/4_res/fits-parameterized/full-run-all-sources-V1/PIERAP-full-run-all-sources-V1.html"
"PIEVIR",0.8694,0.0325842529467721,0.0329218109610631,0.029269666781773,"G:/repos/status-of-butterflies-analysis/4_res/fits-parameterized/full-run-all-sources-V1/PIEVIR-full-run-all-sources-V1.html"
"PIRPIR",0.9656,-0.00628117535689574,-0.00586415810342268,-0.00785907417965554,"G:/repos/status-of-butterflies-analysis/4_res/fits-parameterized/full-run-all-sources-V1/PIRPIR-full-run-all-sources-V1.html"
"PLEACM",0.9281,-0.0391291762882994,-0.0386144040666943,-0.0438366009009699,"G:/repos/status-of-butterflies-analysis/4_res/fits-parameterized/full-run-all-sources-V1/PLEACM-full-run-all-sources-V1.html"
"PLEICA",0.0297,0.0125494088090204,0.0127908995375307,0.0061887390880776,"G:/repos/status-of-butterflies-analysis/4_res/fits-parameterized/full-run-all-sources-V1/PLEICA-full-run-all-sources-V1.html"
"PLELUP",0.6266,0.0150899586389387,0.0157884671476998,0.015387055954946,"G:/repos/status-of-butterflies-analysis/4_res/fits-parameterized/full-run-all-sources-V1/PLELUP-full-run-all-sources-V1.html"
"PLESAE",-0.0152,-0.0334059384497247,-0.0329251144893546,-0.0405804613305379,"G:/repos/status-of-butterflies-analysis/4_res/fits-parameterized/full-run-all-sources-V1/PLESAE-full-run-all-sources-V1.html"
"PLESHA",0.9618,-0.00493618197629186,-0.00484882702205032,-0.0256453926234002,"G:/repos/status-of-butterflies-analysis/4_res/fits-parameterized/full-run-all-sources-V1/PLESHA-full-run-all-sources-V1.html"
"POAHOB",0.266,-0.0499861918695914,-0.0494226754040971,-0.0536188294083702,"G:/repos/status-of-butterflies-analysis/4_res/fits-parameterized/full-run-all-sources-V1/POAHOB-full-run-all-sources-V1.html"
"POAMAS",0.1035,-0.076020216824735,-0.0753223444301073,-0.0763767913708685,"G:/repos/status-of-butterflies-analysis/4_res/fits-parameterized/full-run-all-sources-V1/POAMAS-full-run-all-sources-V1.html"
"POAMEL",0.7607,0.0639736794180384,0.0643330769349928,0.064318685787819,"G:/repos/status-of-butterflies-analysis/4_res/fits-parameterized/full-run-all-sources-V1/POAMEL-full-run-all-sources-V1.html"
"POATAX",0.7651,0.0460980422761134,0.0460980422776394,0.0184943446920345,"G:/repos/status-of-butterflies-analysis/4_res/fits-parameterized/full-run-all-sources-V1/POATAX-full-run-all-sources-V1.html"
"POAVIA",0.239,0.0241957844007748,0.0249258287744792,0.0235618572934434,"G:/repos/status-of-butterflies-analysis/4_res/fits-parameterized/full-run-all-sources-V1/POAVIA-full-run-all-sources-V1.html"
"POAZAB",0.2092,0.0525155179994387,0.0533913884520586,0.0520594024209851,"G:/repos/status-of-butterflies-analysis/4_res/fits-parameterized/full-run-all-sources-V1/POAZAB-full-run-all-sources-V1.html"
"POLIMYS",0.3897,-0.035928071102542,-0.0352436021530131,-0.035882373835417,"G:/repos/status-of-butterflies-analysis/4_res/fits-parameterized/full-run-all-sources-V1/POLIMYS-full-run-all-sources-V1.html"
"POLIORI",0.4511,-0.0304047324446924,-0.0291416341721513,-0.0307522746417546,"G:/repos/status-of-butterflies-analysis/4_res/fits-parameterized/full-run-all-sources-V1/POLIORI-full-run-all-sources-V1.html"
"POLIPEC",0.309,-0.0124856798595392,-0.0123674894587418,-0.0182422727645282,"G:/repos/status-of-butterflies-analysis/4_res/fits-parameterized/full-run-all-sources-V1/POLIPEC-full-run-all-sources-V1.html"
"POLISAB",0.003,-0.115704413163822,-0.115132456447636,-0.11694457569924,"G:/repos/status-of-butterflies-analysis/4_res/fits-parameterized/full-run-all-sources-V1/POLISAB-full-run-all-sources-V1.html"
"POLISON",0.6165,-0.0373776692194094,-0.0368031760196558,-0.0368031760196558,"G:/repos/status-of-butterflies-analysis/4_res/fits-parameterized/full-run-all-sources-V1/POLISON-full-run-all-sources-V1.html"
"POLITHE",0.0247,-0.031112954155726,-0.0296003616536176,-0.0316101590724647,"G:/repos/status-of-butterflies-analysis/4_res/fits-parameterized/full-run-all-sources-V1/POLITHE-full-run-all-sources-V1.html"
"POLYCOM",0.5495,0.00180188277098931,0.00270687608870529,0.00141737789496958,"G:/repos/status-of-butterflies-analysis/4_res/fits-parameterized/full-run-all-sources-V1/POLYCOM-full-run-all-sources-V1.html"
"POLYFAU",0.451,0.0196966950084481,0.0204456916362997,0.0192487159720096,"G:/repos/status-of-butterflies-analysis/4_res/fits-parameterized/full-run-all-sources-V1/POLYFAU-full-run-all-sources-V1.html"
"POLYGRA",0.0695,-0.02450552097492,-0.0234649824908443,-0.0269747117409061,"G:/repos/status-of-butterflies-analysis/4_res/fits-parameterized/full-run-all-sources-V1/POLYGRA-full-run-all-sources-V1.html"
"POLYINT",0.3674,-0.00832181816995556,-0.00762550080812117,-0.00768744053407491,"G:/repos/status-of-butterflies-analysis/4_res/fits-parameterized/full-run-all-sources-V1/POLYINT-full-run-all-sources-V1.html"
"POLYPRO",0.5573,0.0207130318233366,0.0214100760934798,0.021069909432203,"G:/repos/status-of-butterflies-analysis/4_res/fits-parameterized/full-run-all-sources-V1/POLYPRO-full-run-all-sources-V1.html"
"POLYSAT",0.1172,-0.00941742700993175,-0.00886751503849174,-0.010373455900245,"G:/repos/status-of-butterflies-analysis/4_res/fits-parameterized/full-run-all-sources-V1/POLYSAT-full-run-all-sources-V1.html"
"POMVER",0.614,0.0033013719604062,0.00460735723498116,0.00269886732757976,"G:/repos/status-of-butterflies-analysis/4_res/fits-parameterized/full-run-all-sources-V1/POMVER-full-run-all-sources-V1.html"
"PONBEC",0.1463,-0.0143699402094372,-0.0133633022276673,-0.0152779844659883,"G:/repos/status-of-butterflies-analysis/4_res/fits-parameterized/full-run-all-sources-V1/PONBEC-full-run-all-sources-V1.html"
"PONOCC",0.5681,-0.0252229037563429,-0.0242969403786029,-0.0251462590576819,"G:/repos/status-of-butterflies-analysis/4_res/fits-parameterized/full-run-all-sources-V1/PONOCC-full-run-all-sources-V1.html"
"PONPRO",0.3315,-0.0881018373794553,-0.0874097322688645,-0.0904260581012733,"G:/repos/status-of-butterflies-analysis/4_res/fits-parameterized/full-run-all-sources-V1/PONPRO-full-run-all-sources-V1.html"
"PONSIS",0.7169,-0.00889842582812673,-0.00804283010125462,-0.0105310266855187,"G:/repos/status-of-butterflies-analysis/4_res/fits-parameterized/full-run-all-sources-V1/PONSIS-full-run-all-sources-V1.html"
"PROBYS",0.1621,-0.000337363656606412,0.000344023266773848,-0.00029783572926016,"G:/repos/status-of-butterflies-analysis/4_res/fits-parameterized/full-run-all-sources-V1/PROBYS-full-run-all-sources-V1.html"
"PYRALB",0.3546,0.0108190457780614,0.0115047634140726,0.0110679783802059,"G:/repos/status-of-butterflies-analysis/4_res/fits-parameterized/full-run-all-sources-V1/PYRALB-full-run-all-sources-V1.html"
"PYRCOM",0.0575,0.00250095094956037,0.00326055881145819,0.00057818595590021,"G:/repos/status-of-butterflies-analysis/4_res/fits-parameterized/full-run-all-sources-V1/PYRCOM-full-run-all-sources-V1.html"
"PYRRUR",0.4685,-0.0382428242965693,-0.0375459117420195,-0.0386449338839773,"G:/repos/status-of-butterflies-analysis/4_res/fits-parameterized/full-run-all-sources-V1/PYRRUR-full-run-all-sources-V1.html"
"PYRSCR",0.8398,-0.0524503764648861,-0.0520639356852887,-0.0534210499890549,"G:/repos/status-of-butterflies-analysis/4_res/fits-parameterized/full-run-all-sources-V1/PYRSCR-full-run-all-sources-V1.html"
"SATACA",0.2019,-0.0787243680497188,-0.0787209901895412,-0.107848592913365,"G:/repos/status-of-butterflies-analysis/4_res/fits-parameterized/full-run-all-sources-V1/SATACA-full-run-all-sources-V1.html"
"SATAUR",-0.0048,-0.0015448767205282,-0.001524455746887,-0.0266571940447008,"G:/repos/status-of-butterflies-analysis/4_res/fits-parameterized/full-run-all-sources-V1/SATAUR-full-run-all-sources-V1.html"
"SATBEH",0.1136,-0.0236872816001498,-0.0230495732300151,-0.0242271103046438,"G:/repos/status-of-butterflies-analysis/4_res/fits-parameterized/full-run-all-sources-V1/SATBEH-full-run-all-sources-V1.html"
"SATCA1",0.5126,-0.0253731586422646,-0.0243567504253952,-0.0250024082633654,"G:/repos/status-of-butterflies-analysis/4_res/fits-parameterized/full-run-all-sources-V1/SATCA1-full-run-all-sources-V1.html"
"SATCA2",0.5016,0.0143767428320953,0.0145048723646385,0.0105887166680364,"G:/repos/status-of-butterflies-analysis/4_res/fits-parameterized/full-run-all-sources-V1/SATCA2-full-run-all-sources-V1.html"
"SATCA3",0.7372,-0.042040755100856,-0.0413299850200557,-0.0414156166300844,"G:/repos/status-of-butterflies-analysis/4_res/fits-parameterized/full-run-all-sources-V1/SATCA3-full-run-all-sources-V1.html"
"SATEDW",0.0092,-0.0253178475548518,-0.0243382287930604,-0.0267930583025128,"G:/repos/status-of-butterflies-analysis/4_res/fits-parameterized/full-run-all-sources-V1/SATEDW-full-run-all-sources-V1.html"
"SATFAV",0.1008,-0.025302455487061,-0.0247377310843163,-0.0263007722177029,"G:/repos/status-of-butterflies-analysis/4_res/fits-parameterized/full-run-all-sources-V1/SATFAV-full-run-all-sources-V1.html"
"SATFUL",0.8548,-0.0127642550169137,-0.012077558056689,-0.0138078901871031,"G:/repos/status-of-butterflies-analysis/4_res/fits-parameterized/full-run-all-sources-V1/SATFUL-full-run-all-sources-V1.html"
"SATLIP",0.6325,-0.0282238289411972,-0.0272109845804598,-0.027921872268609,"G:/repos/status-of-butterflies-analysis/4_res/fits-parameterized/full-run-all-sources-V1/SATLIP-full-run-all-sources-V1.html"
"SATSAE",0.2702,-0.041943910348287,-0.041241637025225,-0.0431517272747062,"G:/repos/status-of-butterflies-analysis/4_res/fits-parameterized/full-run-all-sources-V1/SATSAE-full-run-all-sources-V1.html"
"SATSYL",0.1981,-0.00827205346124942,-0.00731684206819503,-0.00846533458849726,"G:/repos/status-of-butterflies-analysis/4_res/fits-parameterized/full-run-all-sources-V1/SATSYL-full-run-all-sources-V1.html"
"SATTET",0.9128,-0.0251145755793469,-0.0251145755793469,-0.114716680749687,"G:/repos/status-of-butterflies-analysis/4_res/fits-parameterized/full-run-all-sources-V1/SATTET-full-run-all-sources-V1.html"
"SATTIT",0.2314,-0.0258487080100416,-0.025626921542393,-0.0299424609427342,"G:/repos/status-of-butterflies-analysis/4_res/fits-parameterized/full-run-all-sources-V1/SATTIT-full-run-all-sources-V1.html"
"SATYAPP",0.4936,0.00640328855216787,0.00749694066101585,0.00354139605242231,"G:/repos/status-of-butterflies-analysis/4_res/fits-parameterized/full-run-all-sources-V1/SATYAPP-full-run-all-sources-V1.html"
"SATYEUR",0.1761,-0.0765119940546147,-0.075976225548418,-0.0787132939657638,"G:/repos/status-of-butterflies-analysis/4_res/fits-parameterized/full-run-all-sources-V1/SATYEUR-full-run-all-sources-V1.html"
"SPEYAPH",-0.0061,-0.0957457203793684,-0.0957456139756539,-0.120653742122532,"G:/repos/status-of-butterflies-analysis/4_res/fits-parameterized/full-run-all-sources-V1/SPEYAPH-full-run-all-sources-V1.html"
"SPEYATL",0.0169,-0.0272151712981987,-0.0271101993713098,-0.0405570802844553,"G:/repos/status-of-butterflies-analysis/4_res/fits-parameterized/full-run-all-sources-V1/SPEYATL-full-run-all-sources-V1.html"
"SPEYCAL",0.5314,-0.0207824782557961,-0.0200160170795008,-0.0220496525839747,"G:/repos/status-of-butterflies-analysis/4_res/fits-parameterized/full-run-all-sources-V1/SPEYCAL-full-run-all-sources-V1.html"
"SPEYCOR",0.4614,-0.00587416216250417,-0.00571275945426904,-0.0177341956890449,"G:/repos/status-of-butterflies-analysis/4_res/fits-parameterized/full-run-all-sources-V1/SPEYCOR-full-run-all-sources-V1.html"
"SPEYCYB",0.5218,-0.0161932581627127,-0.0159803252738394,-0.0207194917152112,"G:/repos/status-of-butterflies-analysis/4_res/fits-parameterized/full-run-all-sources-V1/SPEYCYB-full-run-all-sources-V1.html"
"SPEYEDW",0.6358,0.068901951060022,0.0695551129292432,0.0685811727527162,"G:/repos/status-of-butterflies-analysis/4_res/fits-parameterized/full-run-all-sources-V1/SPEYEDW-full-run-all-sources-V1.html"
"SPEYEGL",0.282,0.0061913413482528,0.00620595714774399,-0.000750917857142778,"G:/repos/status-of-butterflies-analysis/4_res/fits-parameterized/full-run-all-sources-V1/SPEYEGL-full-run-all-sources-V1.html"
"SPEYHYD",0.1813,0.025812697625514,0.0265584417217936,0.0251619973295564,"G:/repos/status-of-butterflies-analysis/4_res/fits-parameterized/full-run-all-sources-V1/SPEYHYD-full-run-all-sources-V1.html"
"SPEYIDA",-9e-04,0.0672572762476015,0.0672589296534295,0.0437692486269075,"G:/repos/status-of-butterflies-analysis/4_res/fits-parameterized/full-run-all-sources-V1/SPEYIDA-full-run-all-sources-V1.html"
"SPEYMOR",0.3264,0.00534224310720624,0.00616777834876785,0.0049170152880846,"G:/repos/status-of-butterflies-analysis/4_res/fits-parameterized/full-run-all-sources-V1/SPEYMOR-full-run-all-sources-V1.html"
"SPEYZER",0.9048,0.000896154117280587,0.00149470802468649,-0.00270669611578477,"G:/repos/status-of-butterflies-analysis/4_res/fits-parameterized/full-run-all-sources-V1/SPEYZER-full-run-all-sources-V1.html"
"STAPHAY",0.1986,-0.00890258204000825,-0.00794504582363575,-0.00883152395233335,"G:/repos/status-of-butterflies-analysis/4_res/fits-parameterized/full-run-all-sources-V1/STAPHAY-full-run-all-sources-V1.html"
"STRMEL",0.284,0.00292629708346486,0.00359887908153954,0.00328521041778187,"G:/repos/status-of-butterflies-analysis/4_res/fits-parameterized/full-run-all-sources-V1/STRMEL-full-run-all-sources-V1.html"
"THOBAT",0.115,-0.0232413830105262,-0.0227608693016127,-0.0232427223013841,"G:/repos/status-of-butterflies-analysis/4_res/fits-parameterized/full-run-all-sources-V1/THOBAT-full-run-all-sources-V1.html"
"THOMEX",0.7844,-0.0626014497225891,-0.0623293241475255,-0.0731142148113066,"G:/repos/status-of-butterflies-analysis/4_res/fits-parameterized/full-run-all-sources-V1/THOMEX-full-run-all-sources-V1.html"
"THOPYL",0.604,-0.00709129850219636,-0.00618925868454513,-0.00662787112625283,"G:/repos/status-of-butterflies-analysis/4_res/fits-parameterized/full-run-all-sources-V1/THOPYL-full-run-all-sources-V1.html"
"THYLIN",0.0239,-0.106105803880566,-0.105611654520802,-0.110761412488948,"G:/repos/status-of-butterflies-analysis/4_res/fits-parameterized/full-run-all-sources-V1/THYLIN-full-run-all-sources-V1.html"
"URBPR3",0.4474,0.0786420357789956,0.0791399696451217,0.079042770937653,"G:/repos/status-of-butterflies-analysis/4_res/fits-parameterized/full-run-all-sources-V1/URBPR3-full-run-all-sources-V1.html"
"VANANN",0.523,-0.0784416011897483,-0.0774948139765549,-0.0789616487671704,"G:/repos/status-of-butterflies-analysis/4_res/fits-parameterized/full-run-all-sources-V1/VANANN-full-run-all-sources-V1.html"
"VANATA",0.3705,-0.00507505150590842,-0.00328528229291175,-0.0050220903744248,"G:/repos/status-of-butterflies-analysis/4_res/fits-parameterized/full-run-all-sources-V1/VANATA-full-run-all-sources-V1.html"
"VANCAR",0.1194,-0.0301409336121364,-0.0288589301555906,-0.0290217970358276,"G:/repos/status-of-butterflies-analysis/4_res/fits-parameterized/full-run-all-sources-V1/VANCAR-full-run-all-sources-V1.html"
"VANVIR",0.8674,-0.0222014828288133,-0.0218017444955273,-0.0222373685109686,"G:/repos/status-of-butterflies-analysis/4_res/fits-parameterized/full-run-all-sources-V1/VANVIR-full-run-all-sources-V1.html"
"WALEGE",0.4245,-0.00998494925353712,-0.00886381510115697,-0.00986101782777336,"G:/repos/status-of-butterflies-analysis/4_res/fits-parameterized/full-run-all-sources-V1/WALEGE-full-run-all-sources-V1.html"
